{"center": [[[0.4829735757443723, 0.2645702519970948], [0.4659513481421644, 0.10031857673667194]], [[0.4834971770041217, 0.3047904886700257]], [[0.4883225203116644, 0.36651877975376346]], [[0.4884235520614106, 0.41954913913861547]], [[0.4825679838183152, 0.4782391713131229]], [[0.49161977707971594, 0.5330666849638211]], [[0.4477982943777094, 0.5846284749403607], [0.49810025132164487, 0.3768755697333876]], [[0.4398722377075048, 0.6267758065602035]], [[0.42368841735227986, 0.6771971141458581]], [[0.22717129654064286, 0.6441576282797747], [0.25445886808369345, 0.4601350243507145], [0.45156849392356024, 0.7750173430170741]], [[0.24371611006959565, 0.46328449630274166], [0.42041115188942446, 0.7989662987009922]], [[0.3022375609714548, 0.6585896449192473], [0.41953566148207494, 0.856211429911998]], [[0.26840431667554804, 0.6693026549440488], [0.4017591737130678, 0.8799514856112572]], [[0.14650642418739518, 0.7967510457703864], [0.4848940002174769, 0.9260163504518821]], [[0.10436254368954197, 0.82841658313026], [0.47731942883234574, 0.9313143229829377]], [[0.08207346348414689, 0.8705817471423509], [0.26192002847438717, 0.9106817170706739], [0.5088193485141405, 0.9217913303861441]]], "acc": [[[0.0, -44.80559999999998, 8302.78171799993], [0.0, -6.409200000000002, 1462.1119700000045]], [[711.6689779999962, 9473.751828999964, 13450.927026000089]], [[2497.4607110000084, -12724.039635000023, 33525.9011689999]], [[-9513.35107199994, -4002.5760489999875, 53020.128045999954]], [[-8790.972493999832, 3482.1428630000714, 28450.812076000322]], [[15922.614220999687, -1336.1725850000134, 82877.30380499968]], [[-28805.060516000056, -19941.293808000097, 49262.06511800055], [-509.7984109999112, 5253.668747999986, -210728.58487299987]], [[-11732.657506999745, -255.2630020000397, 11423.999810000067]], [[-20498.193474000633, -20611.021044999743, 4730.785130997887]], [[51294.32394400049, 44888.75565099987, -280832.06107199844], [54431.16637200052, 44097.30390399986, -286945.37107699836], [21461.078886000512, 25446.911086999855, -54540.87416199682]], [[3834.30287199998, 925.8998540000078, 1104.8523469999925], [1430.5018360000468, 5498.359795999926, 25667.134448003286]], [[28521.639156999896, 10792.956726000091, -258576.97015400487], [12071.273514000055, 18843.91438600002, -24532.97770200399]], [[4215.114977000061, 2825.433391999993, -22.829533000010088], [-7224.725583000178, 22876.235783000004, -97294.19871100038]], [[-28761.67173899996, 1335.2172970000013, 15507.345464000042], [19786.282403000085, -9020.421483000435, -85940.56125900114]], [[3330.6696639998227, 231.00499400000666, -3957.7810180000124], [-13388.501107999562, -25037.659277999333, -80035.8766719993]], [[-8393.49792800016, 1328.5458390000333, -7368.392869000014], [26042.21235800014, -2047.1367480000079, -15746.344344000012], [14542.242838999455, -39538.28501199964, 5739.671439999762]]], "vel": [[[0.0, -44.80559999999998, 8302.78171799993], [0.0, -6.409200000000002, 1462.1119700000045]], [[711.6689779999962, 9428.946228999965, 21753.708744000018]], [[3209.1296890000044, -3295.093406000058, 55279.60991299992]], [[-6304.221382999935, -7297.669455000046, 108299.73795899987]], [[-15095.193876999767, -3815.5265919999742, 136750.5500350002]], [[827.4203439999206, -5151.699176999988, 219627.85383999988]], [[-27977.640172000134, -25092.992985000084, 268889.91895800043], [317.62193300000945, 101.9695709999991, 8899.268967000013]], [[-39710.29767899988, -25348.255987000124, 280313.9187680005]], [[-60208.49115300051, -45959.27703199987, 285044.7038989984]], [[-8914.167209000021, -1070.5213809999962, 4212.64282699997], [-5777.324780999986, -1861.973128000005, -1900.667177999995], [-38747.412267, -20512.365945000012, 230503.82973700156]], [[-1943.0219090000053, -936.0732739999972, -795.8148310000024], [-37316.91043099995, -15014.006149000086, 256170.96418500485]], [[-8795.271274000055, -4221.049422999994, -2406.005969000014], [-25245.636916999898, 3829.9082369999337, 231637.98648300086]], [[-4580.156296999994, -1395.616031000001, -2428.835502000024], [-32470.362500000076, 26706.144019999938, 134343.78777200048]], [[-33341.828035999955, -60.39873399999969, 13078.509962000018], [-12684.080096999993, 17685.722536999503, 48403.22651299934]], [[-30011.158372000133, 170.60626000000698, 9120.728944000006], [-26072.581204999555, -7351.93674099983, -31632.650158999957]], [[-38404.65630000029, 1499.1520990000404, 1752.3360749999915], [-3968.946013999993, -1876.5304880000008, -6625.615400000006], [-11530.3383660001, -46890.22175299947, -25892.978719000195]]], "vellength": [[8303.694657673816, 1462.1412598155407], [33003.971914678834], [72302.3218560434], [126578.27066455844], [162327.1168081903], [241500.63213224756], [314843.00149384927, 9279.131356113343], [327373.4971172708], [339687.3624194811], [10296.810753029311, 7646.474430367503, 256734.4601159456], [3018.021405106855, 291824.93414412125], [18859.35623831018, 263531.9273468846], [7754.171968513182, 178600.01769355134], [38210.276801674845, 109352.46348858962], [33255.73829077193, 144513.68979800234], [44770.741886563075, 8636.266312401669, 118045.72065056406]], "gridNum": [[24, 8], [54], [80], [108], [131], [164], [148, 53], [241], [283], [25, 44, 236], [40, 289], [124, 218], [89, 250], [126, 235], [159, 189], [124, 8, 215]], "particleNum": [[13770.0, 2476.0], [65490.0], [151317.0], [246603.0], [313070.0], [426897.0], [631753.0, 26293.0], [665406.0], [682723.0], [52900.0, 75275.0, 483836.0], [45980.0, 621327.0], [123279.0, 598890.0], [78822.0, 564851.0], [196590.0, 446027.0], [175225.0, 449516.0], [196490.0, 21493.0, 305715.0]]}